<keymap version="1" name="GNOME copy 1 Proper Redo" parent="Default for GNOME">
  <action id="$Redo">
    <keyboard-shortcut first-keystroke="shift ctrl z" />
    <keyboard-shortcut first-keystroke="shift alt back_space" />
    <keyboard-shortcut first-keystroke="ctrl y" />
  </action>
  <action id="ActivateFavoritesToolWindow" />
  <action id="ActivateFindToolWindow" />
  <action id="ActivateMessagesToolWindow">
    <keyboard-shortcut first-keystroke="alt 3" />
  </action>
  <action id="ActivateRunToolWindow">
    <keyboard-shortcut first-keystroke="alt 2" />
  </action>
  <action id="ActivateStructureToolWindow">
    <keyboard-shortcut first-keystroke="alt 4" />
  </action>
  <action id="Arrangement.Alias.Rule.Match.Condition.Move.Down" />
  <action id="Arrangement.Rule.Group.Condition.Move.Down" />
  <action id="Arrangement.Rule.Group.Condition.Move.Up" />
  <action id="Arrangement.Rule.Match.Condition.Move.Down" />
  <action id="Arrangement.Rule.Match.Condition.Move.Up" />
  <action id="Back">
    <keyboard-shortcut first-keystroke="shift alt left" />
    <mouse-shortcut keystroke="button4" />
    <keyboard-shortcut first-keystroke="ctrl subtract" />
  </action>
  <action id="CIDR.Debugger.ShowInMemoryView" />
  <action id="CIDR.Lang.ObjC.IntroduceIvar" />
  <action id="CloseAllEditors">
    <keyboard-shortcut first-keystroke="shift ctrl w" />
  </action>
  <action id="CloseContent">
    <keyboard-shortcut first-keystroke="ctrl w" />
  </action>
  <action id="CollapseAll" />
  <action id="CollapseExpandableComponent">
    <keyboard-shortcut first-keystroke="shift enter" />
  </action>
  <action id="CollapseRegion" />
  <action id="Console.Execute.Multiline" />
  <action id="Console.SplitLine" />
  <action id="Console.TableResult.EditFilterCriteria" />
  <action id="Console.TableResult.Reload" />
  <action id="Console.TableResult.Submit" />
  <action id="CopyElement" />
  <action id="DatabaseView.FullTextSearch" />
  <action id="Debug">
    <keyboard-shortcut first-keystroke="ctrl f5" />
  </action>
  <action id="DirDiffMenu.SynchronizeDiff.All" />
  <action id="DuplicatesForm.SendToLeft" />
  <action id="DuplicatesForm.SendToRight" />
  <action id="EditorAddOrRemoveCaret">
    <mouse-shortcut keystroke="alt button1" />
  </action>
  <action id="EditorAddRectangularSelectionOnMouseDrag">
    <mouse-shortcut keystroke="control alt button1" />
  </action>
  <action id="EditorCompleteStatement">
    <keyboard-shortcut first-keystroke="shift ctrl enter" />
    <keyboard-shortcut first-keystroke="ctrl enter" />
  </action>
  <action id="EditorCreateRectangularSelectionOnMouseDrag">
    <mouse-shortcut keystroke="button2" />
  </action>
  <action id="EditorDecreaseFontSize">
    <mouse-shortcut keystroke="control button142" />
  </action>
  <action id="EditorDeleteLine" />
  <action id="EditorIncreaseFontSize">
    <mouse-shortcut keystroke="control button143" />
  </action>
  <action id="EditorNextWordWithSelection" />
  <action id="EditorSelectWord" />
  <action id="EditorSplitLine" />
  <action id="EditorUnSelectWord" />
  <action id="ExpandAll">
    <keyboard-shortcut first-keystroke="ctrl equals" />
  </action>
  <action id="ExpandAllRegions">
    <keyboard-shortcut first-keystroke="shift ctrl add" />
  </action>
  <action id="ExpandExpandableComponent">
    <keyboard-shortcut first-keystroke="shift enter" />
    <keyboard-shortcut first-keystroke="ctrl equals" />
  </action>
  <action id="ExpandRegion">
    <keyboard-shortcut first-keystroke="ctrl equals" />
  </action>
  <action id="ExternalSystem.CollapseAll" />
  <action id="ExternalSystem.ExpandAll">
    <keyboard-shortcut first-keystroke="ctrl equals" />
  </action>
  <action id="FileChooser.GotoHome" />
  <action id="FileChooser.GotoProject" />
  <action id="Forward">
    <keyboard-shortcut first-keystroke="shift alt right" />
    <mouse-shortcut keystroke="button5" />
    <keyboard-shortcut first-keystroke="ctrl add" />
  </action>
  <action id="Git.Stage.Refresh" />
  <action id="Github.PullRequest.Comments.Reload" />
  <action id="Github.PullRequest.Details.Reload" />
  <action id="GotoBookmark1" />
  <action id="GotoBookmark2" />
  <action id="GotoImplementation">
    <keyboard-shortcut first-keystroke="ctrl alt b" />
  </action>
  <action id="Graph.ApplyCurrentLayout" />
  <action id="Images.Editor.ZoomIn">
    <keyboard-shortcut first-keystroke="ctrl equals" />
  </action>
  <action id="Images.Editor.ZoomOut" />
  <action id="IntroduceField" />
  <action id="MethodDown" />
  <action id="MethodUp" />
  <action id="MoveStatementDown">
    <keyboard-shortcut first-keystroke="alt down" />
  </action>
  <action id="MoveStatementUp">
    <keyboard-shortcut first-keystroke="alt up" />
  </action>
  <action id="ProblemsView.CollapseAll" />
  <action id="ProblemsView.ExpandAll">
    <keyboard-shortcut first-keystroke="ctrl equals" />
  </action>
  <action id="Refresh" />
  <action id="Rerun" />
  <action id="ResizeToolWindowRight" />
  <action id="Run">
    <keyboard-shortcut first-keystroke="f5" />
  </action>
  <action id="SaveAll">
    <keyboard-shortcut first-keystroke="ctrl s" />
    <keyboard-shortcut first-keystroke="shift ctrl s" />
  </action>
  <action id="ShowContent" />
  <action id="ShowFilterPopup" />
  <action id="ShowSearchHistory" />
  <action id="SmartSelect" />
  <action id="SmartUnSelect" />
  <action id="SplitChooser.Duplicate" />
  <action id="Svn.RefreshWorkingCopies" />
  <action id="TableResult.GrowSelection" />
  <action id="TableResult.ShrinkSelection" />
  <action id="Terminal.SmartCommandExecution.Run" />
  <action id="ToggleBookmark" />
  <action id="ToggleFullScreen">
    <keyboard-shortcut first-keystroke="f11" />
  </action>
  <action id="UsageGrouping.FileStructure" />
  <action id="UsageView.ShowRecentFindUsages" />
  <action id="Vcs.Log.Refresh" />
  <action id="VerticalAlign.VerticalAlignAction">
    <keyboard-shortcut first-keystroke="shift alt t" />
    <keyboard-shortcut first-keystroke="shift ctrl right" />
  </action>
  <action id="ViewSource" />
  <action id="code.align">
    <keyboard-shortcut first-keystroke="shift alt minus" />
    <keyboard-shortcut first-keystroke="shift ctrl right" />
  </action>
</keymap>